{
    "Accuracy": 0.5475627070515854,
    "Precision": 0.6454545454545455,
    "Recall": 0.07186234817813765,
    "F1 Score": 0.12932604735883424,
    "Confusion Matrix": [
        [
            1086,
            39
        ],
        [
            917,
            71
        ]
    ],
    "AUC-ROC": 0.6047620332883492
}