{
    "Accuracy": 0.8684335068622812,
    "Precision": 0.8901098901098901,
    "Recall": 0.819838056680162,
    "F1 Score": 0.8535300316122234,
    "Confusion Matrix": [
        [
            1025,
            100
        ],
        [
            178,
            810
        ]
    ],
    "AUC-ROC": 0.9495114709851551
}