{
    "Accuracy": 0.8717463322290582,
    "Precision": 0.8926615553121577,
    "Recall": 0.8248987854251012,
    "F1 Score": 0.8574434508153603,
    "Confusion Matrix": [
        [
            1027,
            98
        ],
        [
            173,
            815
        ]
    ],
    "AUC-ROC": 0.9536221322537113
}