{
    "Accuracy": 0.8707998106956933,
    "Precision": 0.8967813540510544,
    "Recall": 0.8178137651821862,
    "F1 Score": 0.8554790894653256,
    "Confusion Matrix": [
        [
            1032,
            93
        ],
        [
            180,
            808
        ]
    ],
    "AUC-ROC": 0.9562420152946469
}